Segment,Customers,AvgRecency,AvgFrequency,AvgMonetary,TotalRevenue,RevenuePct
Low-Value or One-Time Buyers,3052,43.92038007863696,3.656290956749672,1350.1405317824376,4120628.903,0.46239931415892244
Potential Loyal Customers,211,15.672985781990521,22.04739336492891,12453.225924170616,2627630.67,0.2948614515581263
High-Value Loyal Customers,13,7.384615384615385,82.53846153846153,127338.31384615385,1655398.08,0.18576167737276997
At-Risk Customers,1062,248.56403013182674,1.551789077212806,478.10758097928436,507750.251,0.056977556910181366
